start time,request type (ie POST),latency,response code
1606517380028,GET,22201,200
1606517402229,GET,26700,200
1606517428929,GET,22827,200
1606517451756,GET,28556,200
1606517480312,GET,25218,200
1606517505530,GET,23581,200
1606517529111,GET,26613,200
1606517555724,GET,25801,200
1606517581525,GET,25602,200
1606517607127,GET,14830,200
1606517340263,GET,24947,200
1606517365210,GET,25851,200
1606517391061,GET,24866,200
1606517415927,GET,22827,200
1606517438754,GET,24472,200
1606517463226,GET,22208,200
1606517485434,GET,25447,200
1606517510881,GET,25686,200
1606517536567,GET,24513,200
1606517561080,GET,26767,200
1606517446830,GET,25186,200
1606517472016,GET,25872,200
1606517497888,GET,27143,200
1606517525031,GET,23094,200
1606517548125,GET,25270,200
1606517573395,GET,26165,200
1606517599560,GET,18342,200
1606517617902,GET,8832,200
1606517626734,GET,5779,200
1606517632513,GET,4889,200
1606517388151,GET,24647,200
1606517412798,GET,25252,200
1606517438050,GET,24746,200
1606517462796,GET,22298,200
1606517485094,GET,23529,200
1606517508623,GET,26752,200
1606517535375,GET,25073,200
1606517560448,GET,26844,200
1606517587292,GET,22210,200
1606517609502,GET,13617,200
1606517352581,GET,24728,200
1606517377309,GET,24026,200
1606517401335,GET,22995,200
1606517424330,GET,26501,200
1606517450831,GET,23067,200
1606517473898,GET,26809,200
1606517500707,GET,25981,200
1606517526688,GET,23574,200
1606517550262,GET,26195,200
1606517576457,GET,25426,200
1606517349446,GET,24032,200
1606517373478,GET,22133,200
1606517395611,GET,22501,200
1606517418112,GET,24408,200
1606517442520,GET,22438,200
1606517464958,GET,27240,200
1606517492198,GET,24960,200
1606517517158,GET,24680,200
1606517541838,GET,26337,200
1606517568175,GET,23032,200
1606517650013,GET,3383,200
1606517653396,GET,2400,200
1606517655796,GET,2180,200
1606517657976,GET,1980,200
1606517659956,GET,1146,200
1606517661102,GET,1039,200
1606517662141,GET,807,200
1606517662948,GET,803,200
1606517663751,GET,856,200
1606517664607,GET,809,200
1606517351377,GET,24133,200
1606517375510,GET,23101,200
1606517398611,GET,23827,200
1606517422438,GET,23212,200
1606517445650,GET,25985,200
1606517471635,GET,24989,200
1606517496624,GET,24331,200
1606517520955,GET,26937,200
1606517547892,GET,24980,200
1606517572872,GET,26157,200
1606517581896,GET,25613,200
1606517607509,GET,14538,200
1606517622047,GET,7387,200
1606517629434,GET,5032,200
1606517634466,GET,4624,200
1606517639090,GET,4221,200
1606517643311,GET,3972,200
1606517647283,GET,3572,200
1606517650855,GET,3143,200
1606517653998,GET,2317,200
1606517337074,GET,22575,200
1606517359649,GET,21475,200
1606517381124,GET,27768,200
1606517408892,GET,22977,200
1606517431869,GET,27351,200
1606517459220,GET,24508,200
1606517483728,GET,22644,200
1606517506372,GET,25776,200
1606517532148,GET,25643,200
1606517557791,GET,24417,200
1606517373399,GET,21859,200
1606517395258,GET,22663,200
1606517417921,GET,24395,200
1606517442316,GET,22450,200
1606517464766,GET,25470,200
1606517490236,GET,24843,200
1606517515079,GET,24776,200
1606517539855,GET,27672,200
1606517567527,GET,23063,200
1606517590590,GET,20714,200
1606517378060,GET,23442,200
1606517401502,GET,25363,200
1606517426865,GET,24280,200
1606517451145,GET,26099,200
1606517477244,GET,26484,200
1606517503728,GET,23346,200
1606517527074,GET,25961,200
1606517553035,GET,26113,200
1606517579148,GET,24150,200
1606517603298,GET,16518,200
1606517351940,GET,23730,200
1606517375670,GET,22424,200
1606517398094,GET,24177,200
1606517422271,GET,22395,200
1606517444666,GET,27289,200
1606517471955,GET,25829,200
1606517497784,GET,27521,200
1606517525305,GET,23083,200
1606517548388,GET,25232,200
1606517573620,GET,26163,200
1606517375158,GET,22118,200
1606517397276,GET,23623,200
1606517420899,GET,22715,200
1606517443614,GET,23776,200
1606517467390,GET,25691,200
1606517493081,GET,25690,200
1606517518771,GET,27543,200
1606517546314,GET,23470,200
1606517569784,GET,25378,200
1606517595162,GET,19740,200
1606517388098,GET,23869,200
1606517411967,GET,25458,200
1606517437425,GET,25111,200
1606517462536,GET,22574,200
1606517485110,GET,24132,200
1606517509242,GET,26847,200
1606517536089,GET,24791,200
1606517560880,GET,27094,200
1606517587974,GET,21634,200
1606517609608,GET,13586,200
1606517650046,GET,3384,200
1606517653430,GET,2419,200
1606517655849,GET,2168,200
1606517658017,GET,1961,200
1606517659978,GET,1235,200
1606517661213,GET,1029,200
1606517662242,GET,863,200
1606517663105,GET,807,200
1606517663912,GET,839,200
1606517664751,GET,814,200
1606517377737,GET,23537,200
1606517401274,GET,22915,200
1606517424189,GET,26437,200
1606517450626,GET,22636,200
1606517473262,GET,26802,200
1606517500064,GET,26772,200
1606517526836,GET,24449,200
1606517551285,GET,25694,200
1606517576979,GET,25666,200
1606517602645,GET,16653,200
1606517346891,GET,23573,200
1606517370464,GET,24538,200
1606517395002,GET,21504,200
1606517416506,GET,24584,200
1606517441090,GET,23225,200
1606517464315,GET,24303,200
1606517488618,GET,26135,200
1606517514753,GET,24701,200
1606517539454,GET,27272,200
1606517566726,GET,23570,200
1606517374884,GET,22630,200
1606517397514,GET,24732,200
1606517422246,GET,22148,200
1606517444394,GET,27508,200
1606517471902,GET,25656,200
1606517497558,GET,27028,200
1606517524586,GET,23173,200
1606517547759,GET,24870,200
1606517572629,GET,26406,200
1606517599035,GET,18503,200
1606517451253,GET,28141,200
1606517479394,GET,25410,200
1606517504804,GET,22451,200
1606517527255,GET,26739,200
1606517553994,GET,25951,200
1606517579945,GET,23763,200
1606517603708,GET,16472,200
1606517620180,GET,8106,200
1606517628286,GET,5397,200
1606517633683,GET,4803,200
1606517366245,GET,28088,200
1606517394333,GET,22042,200
1606517416375,GET,24072,200
1606517440447,GET,23999,200
1606517464446,GET,24219,200
1606517488665,GET,26150,200
1606517514815,GET,24892,200
1606517539707,GET,27721,200
1606517567428,GET,22814,200
1606517590242,GET,20815,200
1606517373996,GET,20661,200
1606517394657,GET,21678,200
1606517416335,GET,23350,200
1606517439685,GET,23620,200
1606517463305,GET,22160,200
1606517485465,GET,26926,200
1606517512391,GET,24864,200
1606517537255,GET,24809,200
1606517562064,GET,27052,200
1606517589116,GET,21169,200
1606517374890,GET,22501,200
1606517397391,GET,24795,200
1606517422186,GET,22226,200
1606517444413,GET,27116,200
1606517471529,GET,24399,200
1606517495928,GET,24934,200
1606517520862,GET,26863,200
1606517547725,GET,24688,200
1606517572413,GET,25478,200
1606517597891,GET,19360,200
1606517391103,GET,24940,200
1606517416043,GET,22683,200
1606517438726,GET,24595,200
1606517463321,GET,22147,200
1606517485468,GET,27157,200
1606517512625,GET,25063,200
1606517537688,GET,24539,200
1606517562227,GET,26454,200
1606517588681,GET,21209,200
1606517609890,GET,13524,200
1606517317988,GET,22563,200
1606517340551,GET,24962,200
1606517365513,GET,27602,200
1606517393115,GET,22866,200
1606517415981,GET,22148,200
1606517438129,GET,24998,200
1606517463127,GET,21993,200
1606517485120,GET,24017,200
1606517509137,GET,26682,200
1606517535819,GET,25038,200
1606517353277,GET,25219,200
1606517378496,GET,23472,200
1606517401968,GET,25981,200
1606517427949,GET,23316,200
1606517451265,GET,27634,200
1606517478899,GET,25562,200
1606517504461,GET,22492,200
1606517526953,GET,25366,200
1606517552319,GET,24993,200
1606517577312,GET,25423,200
1606517352200,GET,24847,200
1606517377047,GET,23504,200
1606517400551,GET,22468,200
1606517423019,GET,24577,200
1606517447596,GET,24127,200
1606517471723,GET,25340,200
1606517497063,GET,27107,200
1606517524170,GET,23515,200
1606517547685,GET,24397,200
1606517572082,GET,25546,200
1606517380136,GET,22264,200
1606517402400,GET,26490,200
1606517428890,GET,22780,200
1606517451670,GET,27694,200
1606517479364,GET,25387,200
1606517504751,GET,22471,200
1606517527222,GET,26668,200
1606517553890,GET,25585,200
1606517579475,GET,23427,200
1606517602902,GET,16640,200
1606517388360,GET,26358,200
1606517414718,GET,23438,200
1606517438156,GET,25105,200
1606517463261,GET,22203,200
1606517485464,GET,27036,200
1606517512500,GET,25392,200
1606517537893,GET,24515,200
1606517562408,GET,26995,200
1606517589403,GET,21343,200
1606517610746,GET,12690,200
1606517409170,GET,24208,200
1606517433378,GET,26966,200
1606517460344,GET,24004,200
1606517484348,GET,22648,200
1606517506996,GET,27008,200
1606517534004,GET,25515,200
1606517559519,GET,26723,200
1606517586242,GET,23177,200
1606517609419,GET,13501,200
1606517622920,GET,6882,200
1606517374018,GET,21576,200
1606517395594,GET,22288,200
1606517417882,GET,24111,200
1606517441993,GET,22289,200
1606517464282,GET,23557,200
1606517487839,GET,26286,200
1606517514125,GET,24822,200
1606517538947,GET,27614,200
1606517566561,GET,23602,200
1606517590163,GET,21068,200
1606517387758,GET,23058,200
1606517410816,GET,25881,200
1606517436697,GET,25590,200
1606517462287,GET,22726,200
1606517485013,GET,23670,200
1606517508683,GET,26551,200
1606517535234,GET,25192,200
1606517560426,GET,26811,200
1606517587237,GET,22392,200
1606517609629,GET,13431,200
1606517348263,GET,23832,200
1606517372095,GET,22979,200
1606517395074,GET,21491,200
1606517416565,GET,24800,200
1606517441365,GET,22902,200
1606517464267,GET,23567,200
1606517487834,GET,26281,200
1606517514115,GET,24768,200
1606517538883,GET,27608,200
1606517566491,GET,23378,200
1606517376980,GET,23709,200
1606517400689,GET,22239,200
1606517422928,GET,24422,200
1606517447350,GET,24882,200
1606517472232,GET,26665,200
1606517498897,GET,26729,200
1606517525626,GET,23117,200
1606517548743,GET,25571,200
1606517574314,GET,26618,200
1606517600932,GET,17801,200
1606517548397,GET,25567,200
1606517573964,GET,26599,200
1606517600563,GET,17740,200
1606517618303,GET,8719,200
1606517627022,GET,5700,200
1606517632722,GET,4834,200
1606517637556,GET,4237,200
1606517641793,GET,4186,200
1606517645979,GET,3644,200
1606517649623,GET,3480,200
1606517374300,GET,21743,200
1606517396043,GET,23321,200
1606517419364,GET,24098,200
1606517443462,GET,22983,200
1606517466445,GET,26633,200
1606517493078,GET,25049,200
1606517518127,GET,27508,200
1606517545635,GET,23680,200
1606517569315,GET,24597,200
1606517593912,GET,20846,200
1606517374356,GET,21526,200
1606517395882,GET,23079,200
1606517418961,GET,23610,200
1606517442571,GET,22321,200
1606517464892,GET,26766,200
1606517491658,GET,24598,200
1606517516256,GET,24954,200
1606517541210,GET,26836,200
1606517568046,GET,23057,200
1606517591103,GET,21758,200
1606517380260,GET,22118,200
1606517402378,GET,26424,200
1606517428802,GET,22827,200
1606517451629,GET,28055,200
1606517479684,GET,25309,200
1606517504993,GET,23246,200
1606517528239,GET,26135,200
1606517554374,GET,26286,200
1606517580660,GET,25233,200
1606517605893,GET,15442,200
1606517423084,GET,24611,200
1606517447695,GET,24707,200
1606517472402,GET,26908,200
1606517499310,GET,26620,200
1606517525930,GET,23138,200
1606517549068,GET,25296,200
1606517574364,GET,27190,200
1606517601554,GET,17123,200
1606517618677,GET,8677,200
1606517627354,GET,5680,200
1606517381867,GET,27085,200
1606517408953,GET,23459,200
1606517432412,GET,27292,200
1606517459704,GET,24039,200
1606517483743,GET,22742,200
1606517506485,GET,26371,200
1606517532856,GET,25370,200
1606517558226,GET,24576,200
1606517582802,GET,25549,200
1606517608351,GET,14017,200
1606517617308,GET,9252,200
1606517626560,GET,5848,200
1606517632408,GET,4920,200
1606517637328,GET,4353,200
1606517641681,GET,4149,200
1606517645830,GET,3593,200
1606517649423,GET,3434,200
1606517652857,GET,2558,200
1606517655415,GET,2246,200
1606517657661,GET,2045,200
1606517378042,GET,23398,200
1606517401440,GET,24765,200
1606517426205,GET,24419,200
1606517450624,GET,23307,200
1606517473931,GET,27541,200
1606517501472,GET,24918,200
1606517526390,GET,22956,200
1606517549346,GET,25562,200
1606517574908,GET,26549,200
1606517601457,GET,17492,200
1606517375232,GET,22419,200
1606517397651,GET,24681,200
1606517422332,GET,22625,200
1606517444957,GET,26809,200
1606517471766,GET,25569,200
1606517497335,GET,26980,200
1606517524315,GET,23445,200
1606517547760,GET,25389,200
1606517573149,GET,25699,200
1606517598848,GET,18300,200
1606517338406,GET,23265,200
1606517361671,GET,24605,200
1606517386276,GET,23317,200
1606517409593,GET,26902,200
1606517436495,GET,25416,200
1606517461911,GET,23283,200
1606517485194,GET,25119,200
1606517510313,GET,25998,200
1606517536311,GET,24816,200
1606517561127,GET,27191,200
1606517395769,GET,22764,200
1606517418533,GET,24059,200
1606517442592,GET,22438,200
1606517465030,GET,27579,200
1606517492609,GET,25249,200
1606517517858,GET,27088,200
1606517544946,GET,24005,200
1606517568951,GET,24597,200
1606517593548,GET,20555,200
1606517614103,GET,10884,200
1606517606736,GET,14937,200
1606517621673,GET,7422,200
1606517629095,GET,5214,200
1606517634309,GET,4554,200
1606517638863,GET,4289,200
1606517643152,GET,4171,200
1606517647323,GET,3509,200
1606517650832,GET,3224,200
1606517654056,GET,2313,200
1606517656369,GET,2079,200
1606517349903,GET,24284,200
1606517374187,GET,21387,200
1606517395574,GET,22354,200
1606517417928,GET,24563,200
1606517442491,GET,22419,200
1606517464910,GET,26785,200
1606517491695,GET,24813,200
1606517516508,GET,24487,200
1606517540995,GET,27346,200
1606517568341,GET,23124,200
1606517373409,GET,21826,200
1606517395235,GET,22022,200
1606517417257,GET,24397,200
1606517441654,GET,23093,200
1606517464747,GET,25573,200
1606517490320,GET,25357,200
1606517515677,GET,24803,200
1606517540480,GET,27510,200
1606517567990,GET,22923,200
1606517590913,GET,21520,200
1606517374845,GET,21963,200
1606517396808,GET,24216,200
1606517421024,GET,22943,200
1606517443967,GET,24134,200
1606517468101,GET,25378,200
1606517493479,GET,25378,200
1606517518857,GET,27891,200
1606517546748,GET,23184,200
1606517569932,GET,25504,200
1606517595436,GET,19644,200
1606517467759,GET,25259,200
1606517493018,GET,25113,200
1606517518132,GET,27446,200
1606517545578,GET,23227,200
1606517568805,GET,24714,200
1606517593519,GET,19984,200
1606517613503,GET,11160,200
1606517624663,GET,6398,200
1606517631061,GET,4963,200
1606517636024,GET,4509,200
1606517374234,GET,21398,200
1606517395632,GET,22600,200
1606517418232,GET,24596,200
1606517442828,GET,22130,200
1606517464958,GET,27569,200
1606517492527,GET,24737,200
1606517517264,GET,27487,200
1606517544751,GET,23761,200
1606517568512,GET,23982,200
1606517592494,GET,20641,200
1606517346203,GET,22694,200
1606517368897,GET,26001,200
1606517394898,GET,21776,200
1606517416674,GET,24350,200
1606517441024,GET,23287,200
1606517464311,GET,24119,200
1606517488430,GET,25959,200
1606517514389,GET,25232,200
1606517539621,GET,27751,200
1606517567372,GET,22971,200
1606517403971,GET,25848,200
1606517429819,GET,23909,200
1606517453728,GET,28826,200
1606517482554,GET,23355,200
1606517505909,GET,24965,200
1606517530874,GET,25849,200
1606517556723,GET,25160,200
1606517581883,GET,25807,200
1606517607690,GET,14415,200
1606517622105,GET,7377,200
1606517409262,GET,25727,200
1606517434989,GET,25625,200
1606517460614,GET,23445,200
1606517484059,GET,22475,200
1606517506534,GET,26947,200
1606517533481,GET,25457,200
1606517558938,GET,26872,200
1606517585810,GET,23144,200
1606517608954,GET,13814,200
1606517622768,GET,6955,200
1606517633400,GET,4654,200
1606517638054,GET,4295,200
1606517642349,GET,4088,200
1606517646437,GET,3643,200
1606517650080,GET,3383,200
1606517653463,GET,2411,200
1606517655874,GET,2181,200
1606517658055,GET,1925,200
1606517659980,GET,1253,200
1606517661233,GET,1036,200
1606517374339,GET,21262,200
1606517395601,GET,22540,200
1606517418141,GET,24499,200
1606517442640,GET,22380,200
1606517465020,GET,27621,200
1606517492641,GET,25612,200
1606517518253,GET,27800,200
1606517546053,GET,23269,200
1606517569322,GET,24491,200
1606517593813,GET,20125,200
1606517352346,GET,24619,200
1606517376965,GET,22855,200
1606517399820,GET,23458,200
1606517423278,GET,25542,200
1606517448820,GET,23706,200
1606517472526,GET,27168,200
1606517499694,GET,26305,200
1606517525999,GET,23167,200
1606517549166,GET,25911,200
1606517575077,GET,26727,200
1606517357983,GET,22375,200
1606517380358,GET,22660,200
1606517403018,GET,26429,200
1606517429447,GET,23229,200
1606517452676,GET,28517,200
1606517481193,GET,24192,200
1606517505385,GET,22931,200
1606517528316,GET,26300,200
1606517554616,GET,26148,200
1606517580764,GET,25221,200
1606517338824,GET,23921,200
1606517362745,GET,24042,200
1606517386787,GET,23369,200
1606517410156,GET,26314,200
1606517436470,GET,24910,200
1606517461380,GET,23375,200
1606517484755,GET,22755,200
1606517507510,GET,26675,200
1606517534185,GET,25168,200
1606517559353,GET,27298,200
1606517392333,GET,23872,200
1606517416205,GET,23457,200
1606517439662,GET,23999,200
1606517463661,GET,22446,200
1606517486107,GET,26974,200
1606517513081,GET,25326,200
1606517538407,GET,27077,200
1606517565484,GET,23863,200
1606517589347,GET,21216,200
1606517610563,GET,13043,200
1606517374624,GET,21535,200
1606517396159,GET,23298,200
1606517419457,GET,23495,200
1606517442952,GET,22479,200
1606517465431,GET,27156,200
1606517492587,GET,25089,200
1606517517676,GET,27117,200
1606517544793,GET,23913,200
1606517568706,GET,24033,200
1606517592739,GET,20485,200
1606517619285,GET,8360,200
1606517627645,GET,5539,200
1606517633184,GET,4771,200
1606517637955,GET,4278,200
1606517642233,GET,4113,200
1606517646346,GET,3644,200
1606517649990,GET,3350,200
1606517653340,GET,2310,200
1606517655650,GET,2208,200
1606517657858,GET,2027,200
1606517373868,GET,21326,200
1606517395194,GET,22417,200
1606517417611,GET,24257,200
1606517441868,GET,22384,200
1606517464252,GET,22784,200
1606517487036,GET,27009,200
1606517514045,GET,24532,200
1606517538577,GET,27353,200
1606517565930,GET,23572,200
1606517589502,GET,21667,200
1606517650194,GET,3360,200
1606517653554,GET,2354,200
1606517655908,GET,2171,200
1606517658079,GET,1919,200
1606517659998,GET,1255,200
1606517661253,GET,1006,200
1606517662259,GET,895,200
1606517663154,GET,808,200
1606517663962,GET,832,200
1606517664794,GET,802,200
1606517374266,GET,21775,200
1606517396041,GET,23213,200
1606517419254,GET,23854,200
1606517443108,GET,22462,200
1606517465570,GET,27197,200
1606517492767,GET,24936,200
1606517517703,GET,27232,200
1606517544935,GET,23730,200
1606517568665,GET,24135,200
1606517592800,GET,20595,200
1606517377141,GET,23886,200
1606517401027,GET,22823,200
1606517423850,GET,26485,200
1606517450335,GET,22720,200
1606517473055,GET,26901,200
1606517499956,GET,25879,200
1606517525835,GET,22897,200
1606517548732,GET,25035,200
1606517573767,GET,25995,200
1606517599762,GET,17860,200
1606517352671,GET,24397,200
1606517377068,GET,23649,200
1606517400717,GET,22740,200
1606517423457,GET,26105,200
1606517449562,GET,23235,200
1606517472797,GET,27235,200
1606517500032,GET,26236,200
1606517526268,GET,23114,200
1606517549382,GET,25869,200
1606517575251,GET,26475,200
1606517360032,GET,21256,200
1606517381288,GET,27618,200
1606517408906,GET,23419,200
1606517432325,GET,27366,200
1606517459691,GET,24153,200
1606517483844,GET,22797,200
1606517506641,GET,27133,200
1606517533774,GET,24950,200
1606517558724,GET,24403,200
1606517583127,GET,24829,200
1606517375012,GET,22325,200
1606517397337,GET,24013,200
1606517421350,GET,22644,200
1606517443994,GET,24108,200
1606517468102,GET,25426,200
1606517493528,GET,25387,200
1606517518915,GET,27358,200
1606517546273,GET,23351,200
1606517569624,GET,24935,200
1606517594559,GET,20124,200
1606517497758,GET,27002,200
1606517524760,GET,22879,200
1606517547639,GET,23071,200
1606517570710,GET,25274,200
1606517595984,GET,20599,200
1606517616583,GET,9691,200
1606517626274,GET,6024,200
1606517632298,GET,4938,200
1606517637236,GET,4389,200
1606517641625,GET,4176,200
1606517377620,GET,23770,200
1606517401390,GET,23562,200
1606517424952,GET,26168,200
1606517451120,GET,25851,200
1606517476971,GET,26432,200
1606517503403,GET,23421,200
1606517526824,GET,24511,200
1606517551335,GET,26054,200
1606517577389,GET,24897,200
1606517602286,GET,17062,200
1606517318514,GET,23335,200
1606517341849,GET,23984,200
1606517365833,GET,27910,200
1606517393743,GET,22603,200
1606517416346,GET,23629,200
1606517439975,GET,23884,200
1606517463859,GET,22466,200
1606517486325,GET,27371,200
1606517513696,GET,24669,200
1606517538365,GET,27273,200
1606517374758,GET,22157,200
1606517396915,GET,24208,200
1606517421123,GET,22874,200
1606517443997,GET,24290,200
1606517468287,GET,25204,200
1606517493491,GET,25122,200
1606517518614,GET,27418,200
1606517546032,GET,22539,200
1606517568571,GET,23906,200
1606517592477,GET,20293,200
1606517377251,GET,23488,200
1606517400739,GET,22852,200
1606517423591,GET,26301,200
1606517449892,GET,23125,200
1606517473017,GET,27022,200
1606517500039,GET,26313,200
1606517526352,GET,23081,200
1606517549433,GET,25955,200
1606517575388,GET,26792,200
1606517602180,GET,17048,200
1606517380964,GET,27755,200
1606517408719,GET,22240,200
1606517430959,GET,27568,200
1606517458527,GET,24821,200
1606517483348,GET,22781,200
1606517506129,GET,25811,200
1606517531940,GET,24940,200
1606517556880,GET,25215,200
1606517582095,GET,25827,200
1606517607922,GET,14450,200
1606517360304,GET,21973,200
1606517382277,GET,26747,200
1606517409024,GET,23617,200
1606517432641,GET,27391,200
1606517460032,GET,24191,200
1606517484223,GET,22416,200
1606517506639,GET,27037,200
1606517533676,GET,25360,200
1606517559036,GET,26927,200
1606517585963,GET,23161,200
1606517507039,GET,26718,200
1606517533757,GET,24998,200
1606517558755,GET,26515,200
1606517585270,GET,23586,200
1606517608856,GET,13878,200
1606517622734,GET,6971,200
1606517629705,GET,4916,200
1606517634621,GET,4709,200
1606517639330,GET,4209,200
1606517643539,GET,4044,200
1606517351765,GET,23663,200
1606517375428,GET,22525,200
1606517397953,GET,24273,200
1606517422227,GET,21950,200
1606517444177,GET,24962,200
1606517469139,GET,24826,200
1606517493965,GET,25569,200
1606517519534,GET,27156,200
1606517546690,GET,23047,200
1606517569737,GET,24615,200
1606517381417,GET,27452,200
1606517408869,GET,22569,200
1606517431438,GET,28049,200
1606517459487,GET,24498,200
1606517483985,GET,22536,200
1606517506521,GET,26475,200
1606517532996,GET,25514,200
1606517558510,GET,24347,200
1606517582857,GET,25188,200
1606517608045,GET,14350,200
1606517334181,GET,24242,200
1606517358423,GET,22038,200
1606517380461,GET,23891,200
1606517404352,GET,25352,200
1606517429704,GET,22987,200
1606517452691,GET,29009,200
1606517481700,GET,23774,200
1606517505474,GET,22845,200
1606517528319,GET,26559,200
1606517554878,GET,26582,200
1606517387961,GET,23441,200
1606517411403,GET,25943,200
1606517437346,GET,25001,200
1606517462347,GET,22594,200
1606517484941,GET,23108,200
1606517508049,GET,26954,200
1606517535003,GET,24855,200
1606517559858,GET,27254,200
1606517587112,GET,22256,200
1606517609368,GET,13743,200
1606517374422,GET,21921,200
1606517396343,GET,24217,200
1606517420560,GET,23761,200
1606517444321,GET,26770,200
1606517471091,GET,23488,200
1606517494579,GET,25939,200
1606517520518,GET,27134,200
1606517547652,GET,24501,200
1606517572153,GET,25373,200
1606517597526,GET,19214,200
1606517375940,GET,22950,200
1606517398890,GET,23266,200
1606517422156,GET,22041,200
1606517444197,GET,25599,200
1606517469796,GET,24518,200
1606517494314,GET,25813,200
1606517520127,GET,27218,200
1606517547345,GET,22771,200
1606517570116,GET,25095,200
1606517595211,GET,19688,200
1606517334003,GET,23945,200
1606517357948,GET,22718,200
1606517380666,GET,26605,200
1606517407271,GET,23223,200
1606517430494,GET,27185,200
1606517457679,GET,25381,200
1606517483060,GET,22947,200
1606517506007,GET,25397,200
1606517531404,GET,25590,200
1606517556994,GET,25409,200
1606517388942,GET,27003,200
1606517415945,GET,22763,200
1606517438708,GET,24406,200
1606517463114,GET,22343,200
1606517485457,GET,26527,200
1606517511984,GET,25103,200
1606517537087,GET,24535,200
1606517561622,GET,27395,200
1606517589017,GET,21426,200
1606517610443,GET,12869,200
1606517335551,GET,23868,200
1606517359419,GET,21337,200
1606517380756,GET,27416,200
1606517408172,GET,22791,200
1606517430963,GET,27456,200
1606517458419,GET,24782,200
1606517483201,GET,22908,200
1606517506109,GET,24945,200
1606517531054,GET,25798,200
1606517556852,GET,25126,200
1606517514645,GET,25314,200
1606517539959,GET,27165,200
1606517567124,GET,23116,200
1606517590240,GET,20719,200
1606517610959,GET,12816,200
1606517623775,GET,6684,200
1606517630459,GET,5065,200
1606517635524,GET,4524,200
1606517640048,GET,4174,200
1606517644222,GET,4093,200
1606517376842,GET,22409,200
1606517399251,GET,23903,200
1606517423154,GET,25284,200
1606517448438,GET,23707,200
1606517472145,GET,26042,200
1606517498187,GET,27225,200
1606517525412,GET,23237,200
1606517548649,GET,25295,200
1606517573944,GET,25955,200
1606517599899,GET,17576,200
1606517553588,GET,25690,200
1606517579278,GET,23436,200
1606517602714,GET,16896,200
1606517619610,GET,8243,200
1606517627853,GET,5561,200
1606517633414,GET,4794,200
1606517638208,GET,4207,200
1606517642415,GET,4135,200
1606517646550,GET,3607,200
1606517650157,GET,3348,200
1606517389611,GET,25963,200
1606517415574,GET,23296,200
1606517438870,GET,24783,200
1606517463653,GET,22483,200
1606517486136,GET,27189,200
1606517513325,GET,25241,200
1606517538566,GET,27469,200
1606517566035,GET,23341,200
1606517589376,GET,21118,200
1606517610494,GET,12838,200
1606517587743,GET,21795,200
1606517609538,GET,13531,200
1606517623069,GET,6965,200
1606517630034,GET,4876,200
1606517634910,GET,4645,200
1606517639555,GET,4208,200
1606517643763,GET,4082,200
1606517647845,GET,3531,200
1606517651376,GET,2983,200
1606517654359,GET,2242,200
1606517334348,GET,24020,200
1606517358368,GET,22139,200
1606517380507,GET,26106,200
1606517406613,GET,23170,200
1606517429783,GET,23434,200
1606517453217,GET,29326,200
1606517482543,GET,22933,200
1606517505476,GET,23161,200
1606517528637,GET,26963,200
1606517555600,GET,25555,200
1606517373015,GET,22198,200
1606517395213,GET,22118,200
1606517417331,GET,24530,200
1606517441861,GET,22531,200
1606517464392,GET,23959,200
1606517488351,GET,26123,200
1606517514474,GET,24669,200
1606517539143,GET,27793,200
1606517566936,GET,23753,200
1606517590689,GET,21386,200
1606517376172,GET,22859,200
1606517399031,GET,23660,200
1606517422691,GET,24651,200
1606517447342,GET,25035,200
1606517472377,GET,27152,200
1606517499529,GET,26103,200
1606517525632,GET,23512,200
1606517549144,GET,25436,200
1606517574580,GET,26433,200
1606517601013,GET,17441,200
1606517495691,GET,24804,200
1606517520495,GET,26877,200
1606517547372,GET,22871,200
1606517570243,GET,25336,200
1606517595579,GET,20772,200
1606517616351,GET,9899,200
1606517626250,GET,5849,200
1606517632099,GET,4871,200
1606517636970,GET,4353,200
1606517641323,GET,4241,200
1606517615192,GET,10280,200
1606517625472,GET,6158,200
1606517631630,GET,4967,200
1606517636597,GET,4424,200
1606517641021,GET,3957,200
1606517644978,GET,3899,200
1606517648877,GET,3185,200
1606517652062,GET,2833,200
1606517654895,GET,2056,200
1606517656951,GET,1944,200
1606517354902,GET,25230,200
1606517380132,GET,21662,200
1606517401794,GET,25127,200
1606517426921,GET,24305,200
1606517451226,GET,27846,200
1606517479072,GET,25537,200
1606517504609,GET,22390,200
1606517526999,GET,25600,200
1606517552599,GET,25875,200
1606517578474,GET,23870,200
1606517339002,GET,24720,200
1606517363722,GET,24632,200
1606517388354,GET,26326,200
1606517414680,GET,23146,200
1606517437826,GET,24852,200
1606517462678,GET,22536,200
1606517485214,GET,25622,200
1606517510836,GET,25624,200
1606517536460,GET,24735,200
1606517561195,GET,27386,200
1606517335761,GET,23946,200
1606517359707,GET,21209,200
1606517380916,GET,27956,200
1606517408872,GET,22174,200
1606517431046,GET,27525,200
1606517458571,GET,25215,200
1606517483786,GET,22725,200
1606517506511,GET,26485,200
1606517532996,GET,25381,200
1606517558377,GET,24372,200
1606517628373,GET,5444,200
1606517633817,GET,4752,200
1606517638569,GET,4148,200
1606517642717,GET,4078,200
1606517646795,GET,3539,200
1606517650334,GET,3299,200
1606517653633,GET,2353,200
1606517655986,GET,2185,200
1606517658171,GET,1884,200
1606517660055,GET,1260,200
1606517356054,GET,23964,200
1606517380018,GET,21782,200
1606517401800,GET,26221,200
1606517428021,GET,23472,200
1606517451493,GET,27774,200
1606517479267,GET,25446,200
1606517504713,GET,22533,200
1606517527246,GET,26475,200
1606517553721,GET,25610,200
1606517579331,GET,24178,200
1606517374091,GET,21769,200
1606517395860,GET,22714,200
1606517418574,GET,24308,200
1606517442882,GET,21978,200
1606517464860,GET,25851,200
1606517490711,GET,25427,200
1606517516138,GET,24710,200
1606517540848,GET,27557,200
1606517568405,GET,23751,200
1606517592156,GET,20186,200
1606517429266,GET,22416,200
1606517451682,GET,28221,200
1606517479903,GET,25200,200
1606517505103,GET,22849,200
1606517527952,GET,26104,200
1606517554056,GET,26198,200
1606517580254,GET,23605,200
1606517603859,GET,16431,200
1606517620290,GET,8073,200
1606517628363,GET,5516,200
1606517358739,GET,21838,200
1606517380577,GET,26458,200
1606517407035,GET,22967,200
1606517430002,GET,25664,200
1606517455666,GET,26609,200
1606517482275,GET,23170,200
1606517505445,GET,22708,200
1606517528153,GET,26319,200
1606517554472,GET,26547,200
1606517581019,GET,25662,200
1606517451008,GET,25369,200
1606517476377,GET,26330,200
1606517502707,GET,24009,200
1606517526716,GET,24091,200
1606517550807,GET,25990,200
1606517576797,GET,25349,200
1606517602146,GET,17096,200
1606517619242,GET,8178,200
1606517627420,GET,5648,200
1606517633068,GET,4832,200
1606517407136,GET,22891,200
1606517430027,GET,26752,200
1606517456779,GET,26453,200
1606517483232,GET,22579,200
1606517505811,GET,23867,200
1606517529678,GET,26223,200
1606517555901,GET,25713,200
1606517581614,GET,25349,200
1606517606963,GET,14828,200
1606517621791,GET,7459,200
1606517380982,GET,27408,200
1606517408390,GET,22688,200
1606517431078,GET,27689,200
1606517458767,GET,24931,200
1606517483698,GET,22016,200
1606517505714,GET,23368,200
1606517529082,GET,26847,200
1606517555929,GET,25696,200
1606517581625,GET,25782,200
1606517607407,GET,14629,200
1606517388500,GET,26788,200
1606517415288,GET,23141,200
1606517438429,GET,24933,200
1606517463362,GET,22318,200
1606517485680,GET,27240,200
1606517512920,GET,25162,200
1606517538082,GET,27067,200
1606517565149,GET,24189,200
1606517589338,GET,21633,200
1606517610971,GET,12798,200
1606517392464,GET,23729,200
1606517416193,GET,22870,200
1606517439063,GET,24537,200
1606517463600,GET,22130,200
1606517485730,GET,27398,200
1606517513128,GET,25292,200
1606517538420,GET,27215,200
1606517565635,GET,24072,200
1606517589707,GET,21079,200
1606517610786,GET,12697,200
1606517374598,GET,22154,200
1606517396752,GET,24167,200
1606517420919,GET,22674,200
1606517443593,GET,23614,200
1606517467207,GET,25751,200
1606517492958,GET,24972,200
1606517517930,GET,27705,200
1606517545635,GET,23284,200
1606517568919,GET,24030,200
1606517592949,GET,20308,200
1606517384653,GET,24617,200
1606517409270,GET,27123,200
1606517436393,GET,24891,200
1606517461284,GET,23226,200
1606517484510,GET,22809,200
1606517507319,GET,27553,200
1606517534872,GET,25642,200
1606517560514,GET,27300,200
1606517587814,GET,21938,200
1606517609752,GET,13378,200
1606517374895,GET,22602,200
1606517397497,GET,24334,200
1606517421831,GET,22485,200
1606517444316,GET,26857,200
1606517471173,GET,23891,200
1606517495064,GET,25248,200
1606517520312,GET,26858,200
1606517547170,GET,22561,200
1606517569731,GET,24147,200
1606517593878,GET,20093,200
1606517375305,GET,22069,200
1606517397374,GET,24335,200
1606517421709,GET,22480,200
1606517444189,GET,25571,200
1606517469760,GET,24333,200
1606517494093,GET,25908,200
1606517520001,GET,27277,200
1606517547278,GET,22574,200
1606517569852,GET,24871,200
1606517594723,GET,19923,200
1606517338475,GET,23013,200
1606517361488,GET,24588,200
1606517386076,GET,23434,200
1606517409510,GET,26859,200
1606517436369,GET,24448,200
1606517460817,GET,23202,200
1606517484019,GET,22549,200
1606517506568,GET,27234,200
1606517533802,GET,25231,200
1606517559033,GET,27180,200
1606517387983,GET,23956,200
1606517411939,GET,25468,200
1606517437407,GET,24922,200
1606517462329,GET,22616,200
1606517484945,GET,23328,200
1606517508273,GET,26984,200
1606517535257,GET,25214,200
1606517560471,GET,27014,200
1606517587485,GET,22148,200
1606517609633,GET,13455,200
1606517374482,GET,21150,200
1606517395632,GET,22521,200
1606517418153,GET,24576,200
1606517442729,GET,21946,200
1606517464675,GET,25152,200
1606517489827,GET,25415,200
1606517515242,GET,24606,200
1606517539848,GET,27863,200
1606517567711,GET,22932,200
1606517590643,GET,21069,200
1606517374774,GET,21698,200
1606517396472,GET,24956,200
1606517421428,GET,22843,200
1606517444271,GET,26242,200
1606517470513,GET,23808,200
1606517494321,GET,26114,200
1606517520435,GET,26939,200
1606517547374,GET,23300,200
1606517570674,GET,25045,200
1606517595719,GET,20583,200
1606517375672,GET,22737,200
1606517398409,GET,24002,200
1606517422411,GET,22580,200
1606517444991,GET,26812,200
1606517471803,GET,25680,200
1606517497483,GET,26932,200
1606517524415,GET,23340,200
1606517547755,GET,24531,200
1606517572286,GET,25580,200
1606517597866,GET,19653,200
1606517337492,GET,22174,200
1606517359666,GET,20795,200
1606517380461,GET,25193,200
1606517405654,GET,24470,200
1606517430124,GET,26569,200
1606517456693,GET,25873,200
1606517482566,GET,23297,200
1606517505863,GET,24291,200
1606517530154,GET,26331,200
1606517556485,GET,24981,200
1606517478478,GET,25470,200
1606517503948,GET,23131,200
1606517527079,GET,25996,200
1606517553075,GET,25832,200
1606517578907,GET,24288,200
1606517603195,GET,16525,200
1606517619720,GET,8304,200
1606517628024,GET,5506,200
1606517633530,GET,4780,200
1606517638310,GET,4283,200
1606517561852,GET,27102,200
1606517588954,GET,21183,200
1606517610137,GET,13233,200
1606517623370,GET,6806,200
1606517630176,GET,5022,200
1606517635198,GET,4632,200
1606517639830,GET,4195,200
1606517644025,GET,4017,200
1606517648042,GET,3383,200
1606517651425,GET,2995,200
1606517331464,GET,21361,200
1606517352825,GET,25564,200
1606517378389,GET,23391,200
1606517401780,GET,25414,200
1606517427194,GET,23994,200
1606517451188,GET,27338,200
1606517478526,GET,25388,200
1606517503914,GET,23193,200
1606517527107,GET,26509,200
1606517553616,GET,25558,200
1606517349636,GET,24210,200
1606517373846,GET,21337,200
1606517395183,GET,21352,200
1606517416535,GET,25082,200
1606517441617,GET,23294,200
1606517464911,GET,27033,200
1606517491945,GET,25167,200
1606517517112,GET,24316,200
1606517541428,GET,26819,200
1606517568247,GET,23365,200
1606517377746,GET,23968,200
1606517401714,GET,25675,200
1606517427389,GET,23765,200
1606517451154,GET,26076,200
1606517477230,GET,26435,200
1606517503665,GET,23376,200
1606517527041,GET,25648,200
1606517552689,GET,25876,200
1606517578565,GET,24139,200
1606517602704,GET,16812,200
1606517356637,GET,23745,200
1606517380382,GET,22642,200
1606517403024,GET,26363,200
1606517429388,GET,22635,200
1606517452023,GET,28808,200
1606517480831,GET,24329,200
1606517505160,GET,23082,200
1606517528242,GET,26486,200
1606517554728,GET,26148,200
1606517580876,GET,25438,200
1606517401082,GET,22430,200
1606517423512,GET,26052,200
1606517449564,GET,23828,200
1606517473392,GET,26810,200
1606517500202,GET,26166,200
1606517526368,GET,23541,200
1606517549909,GET,26376,200
1606517576286,GET,25289,200
1606517601575,GET,17491,200
1606517619066,GET,8405,200
1606517389258,GET,26349,200
1606517415607,GET,23307,200
1606517438914,GET,24308,200
1606517463222,GET,22234,200
1606517485456,GET,26008,200
1606517511464,GET,25552,200
1606517537016,GET,24535,200
1606517561551,GET,26820,200
1606517588371,GET,21702,200
1606517610073,GET,13253,200
1606517377093,GET,23445,200
1606517400538,GET,21937,200
1606517422475,GET,24296,200
1606517446771,GET,25387,200
1606517472158,GET,26872,200
1606517499030,GET,26753,200
1606517525783,GET,22981,200
1606517548764,GET,26062,200
1606517574826,GET,26598,200
1606517601424,GET,17278,200
